{"cameraMode":{"drawMode":0,"name":"Shaded","section":"Shading Mode"},"sceneLighting":true,"audioPlay":false,"sceneViewState":{"showFog":false,"showMaterialUpdate":false,"showSkybox":false,"showFlares":false,"showImageEffects":false,"showParticleSystems":true},"in2DMode":false,"pivot":{"x":92.26113891601563,"y":-32.69137954711914,"z":-0.7756466865539551},"rotation":{"x":-0.008307388983666897,"y":-0.38544803857803347,"z":0.9227003455162048,"w":-0.0034618538338690998},"size":5.868627548217773,"orthographic":false}