{"cameraMode":{"drawMode":0,"name":"Shaded","section":"Shading Mode"},"sceneLighting":true,"audioPlay":false,"sceneViewState":{"showFog":false,"showMaterialUpdate":false,"showSkybox":false,"showFlares":false,"showImageEffects":false,"showParticleSystems":true},"in2DMode":false,"pivot":{"x":22.104339599609376,"y":48.996368408203128,"z":-29.898025512695314},"rotation":{"x":-0.22004744410514832,"y":0.31021231412887576,"z":-0.0740458220243454,"w":-0.9218815565109253},"size":45.014183044433597,"orthographic":false}